name,album,artist,id,release_date,popularity,length,danceability,acousticness,energy,instrumentalness,liveness,valence,loudness,speechiness,tempo,key,time_signature,mood,Music_Link
1999,1999,Prince,2H7PHVdQ3mXqEHXcvclTB0,10/27/1982,68,379266,0.866,0.137,0.73,0,0.0843,0.625,-8.201,0.0767,118.523,5,4,Happy,https://open.spotify.com/track/0Aak0MPKg7LoxokXo7y3U5?si=fc2a22a5e3374054
23,23,Blonde Redhead,4HIwL9ii9CcXpTOTzMq0MP,4/16/2007,43,318800,0.381,0.0189,0.832,0.196,0.153,0.166,-5.069,0.0492,120.255,8,4,Sad,https://open.spotify.com/track/4SH9EciRI74oSIG9J2Ec2O?si=5e27863c18f44700
9 Crimes,9,Damien Rice,5GZEeowhvSieFDiR8fQ2im,11/6/2006,60,217946,0.346,0.913,0.139,7.73E-05,0.0934,0.116,-15.326,0.0321,136.168,0,4,Sad,https://open.spotify.com/track/5GZEeowhvSieFDiR8fQ2im?si=94f64cfe05964ee9
99 Luftballons,99 Luftballons,Nena,6HA97v4wEGQ5TUClRM0XLc,8/21/1984,2,233000,0.466,0.089,0.438,5.62E-06,0.113,0.587,-12.858,0.0608,193.1,4,4,Happy,https://open.spotify.com/track/2IJftBfq7pJ43tfnOR0RB3?si=f140907b46c241f2
A Boy Brushed Red Living In Black And White,They're Only Chasing Safety,Underoath,47IWLfIKOKhFnz1FUEUIkE,1/1/2004,60,268000,0.419,0.00171,0.932,0,0.137,0.445,-3.604,0.106,169.881,1,4,Energetic,https://open.spotify.com/track/47IWLfIKOKhFnz1FUEUIkE?si=377314d2358b4b2a
A Burden to Bear,A Burden to Bear,Emmanuelle Rimbaud,67DOFCrkcQaLp5yhzF8Y8N,7/31/2020,27,129410,0.394,0.995,0.0475,0.955,0.105,0.172,-26.432,0.072,71.241,6,5,Calm,
A La Plage,A La Plage,Ron Adelaar,79NmiFAgcXUIVDGfCWDdWF,8/7/2020,29,141888,0.504,0.994,0.0584,0.956,0.115,0.553,-20.461,0.0516,134.209,5,4,Calm,
A Little Less Conversation - JXL Radio Edit Remix,Elvis 75 - Good Rockin' Tonight,Elvis Presley,4l2hnfUx0esSbITQa7iJt0,12/28/2009,1,211173,0.586,0.000155,0.935,0.277,0.159,0.58,-9.386,0.0482,114.997,4,4,Happy,https://open.spotify.com/track/0dWEPUSvDyZAFwYKzq7Kir?si=2b566db081774052
A Place for My Head,Hybrid Theory (Bonus Edition),Linkin Park,5rAxhWcgFng3s570sGO2F8,10/24/2000,68,184640,0.603,0.0144,0.908,0,0.671,0.457,-5.254,0.184,133.063,11,4,Energetic,
ATTACK,A Beautiful Lie + 30 Seconds To Mars,Thirty Seconds To Mars,6QxTWEvzcJljVZaeTzuHF1,5/15/2007,0,189200,0.331,0.00344,0.876,0.000835,0.732,0.299,-1.894,0.0603,175.009,5,4,Energetic,
Adagio For Strings,Adagio For Strings,Lucas & Steve,1RvDsjCBDTES3lPiEGNNMY,11/9/2018,55,197189,0.349,0.000877,0.793,0.431,0.22,0.0398,-6.748,0.0677,127.139,10,4,Energetic,
Adjustments,Adjustments,Josie Mehlin,6w0vhPaZBYjhrDobs3QE14,1/17/2020,52,182000,0.532,0.974,0.541,0.864,0.228,0.329,-11.932,0.0283,136.063,0,4,Calm,
Adrift,Adrift,Cooper Sams,3TNNGjgOQ7O8vwAlvlD9Fg,3/21/2018,53,158117,0.382,0.497,0.333,0.918,0.106,0.0486,-15.573,0.0367,84.974,7,4,Calm,
Afraid of Heights,Afraid of Heights,Billy Talent,0P44AUPRzaIAHNWquN0fGR,7/29/2016,38,225680,0.543,0.000168,0.991,1.31E-05,0.374,0.766,-2.78,0.0668,150.031,9,4,Energetic,
Africa,Toto IV,TOTO,2374M0fQpWi3dLnB54qaLX,4/8/1982,84,295893,0.671,0.257,0.373,7.95E-05,0.0481,0.732,-18.064,0.0323,92.717,9,4,Happy,https://open.spotify.com/track/2374M0fQpWi3dLnB54qaLX?si=8e0d2929e0a64a32
After The Rain,After The Rain,Comet Blue,2XBc2jWnvPqNO2LebVtLaY,8/3/2020,24,116625,0.456,0.993,0.0337,0.948,0.126,0.3,-26.87,0.0334,97.199,0,4,Calm,
Afterlife,Avenged Sevenfold,Avenged Sevenfold,4QdwsME04RG25KPHcPYoox,10/30/2007,13,351560,0.492,0.000444,0.95,6.22E-05,0.22,0.391,-4.195,0.076,110.027,2,4,Energetic,
Algo Rhythm,Temporär Musik 1-13,One Sentence. Supervisor,0PqJ7LSknltqqMNqPDClNA,10/28/2016,0,210626,0.402,1.19E-05,0.75,0.959,0.122,0.58,-7.358,0.0293,149.941,2,4,Sad,
Alison,Souvlaki,Slowdive,55CenVQ4alvDJ1PS8aYB0m,1993,0,231893,0.279,0.00957,0.423,0.837,0.128,0.291,-12.06,0.038,101.571,4,4,Sad,
Alive,Alive,Paris Blohm,2rPJcL8gQauA2nBdRyNZZL,11/16/2018,51,180468,0.494,0.00248,0.847,0,0.0502,0.148,-3.996,0.0537,129.909,0,4,Energetic,
All I Want,The Kodaline EP,Kodaline,1XczdQt6RKNkEQfPqUsi3q,9/7/2012,29,306600,0.189,0.113,0.427,0.0923,0.058,0.158,-9.08,0.0449,187.212,0,3,Sad,
All Mirrors,All Mirrors,Angel Olsen,4ZQdynvfiayhdoq5lcuCQ1,7/31/2019,1,282026,0.429,0.00299,0.689,0.00193,0.152,0.23,-7.38,0.0379,105.04,7,4,Sad,
All These Things I Hate (Revolve Around Me),The Poison,Bullet For My Valentine,6hZkQjIQBY7HAj4nzLUvdx,9/1/2005,39,225440,0.488,0.0303,0.879,0,0.288,0.483,-3.505,0.0514,94.003,6,3,Energetic,
All in the Suit That You Wear,Thank You,Stone Temple Pilots,17Nk1aji6gd26vabky7fMi,11/10/2003,39,219573,0.429,1.94E-05,0.982,0.0185,0.312,0.583,-2.962,0.0617,122.881,2,4,Energetic,
All of Me,Love In The Future (Expanded Edition),John Legend,3U4isOIWM3VvDubwSI3y7a,8/30/2013,85,269560,0.422,0.922,0.264,0,0.132,0.331,-7.064,0.0322,119.93,8,4,Sad,
All or Nothing (feat. Axel Ehnström) - Deluxe Mix,Less is More (Deluxe),Lost Frequencies,15bAMg00o4VdWmQrlkbfG3,7/14/2017,22,170458,0.737,0.226,0.816,0.453,0.621,0.533,-9.22,0.0411,124.014,4,4,Happy,https://open.spotify.com/track/7tsyolyOYm3qxq5WF2LnLB?si=cf3a2556d84b4da1
Always,Back Into Your System,Saliva,7kpa6MWRrPaF3b6C0DgioK,11/12/2002,63,231200,0.363,0.0122,0.906,0,0.172,0.371,-4.415,0.0615,181.964,1,4,Energetic,
Ambre,Wintermusik,Nils Frahm,0suQ6B8Bsp0tFuCXx652Az,12/4/2009,0,227639,0.391,0.992,0.0576,0.947,0.117,0.359,-25.585,0.0342,145.569,10,3,Calm,
Anaviosi,Anaviosi,Alexi Musnitsky,4OWZLr2sLv7ueKPHV7JRNP,7/9/2020,38,174244,0.391,0.995,0.0121,0.946,0.0959,0.118,-24.588,0.0852,68.128,1,4,Calm,
Anchor,Anchor,Novo Amor,6x6XKEUcCJGUACD4Xh7KuP,10/23/2015,0,256282,0.486,0.755,0.356,0.861,0.0986,0.111,-13.649,0.0318,117.141,9,4,Sad,
Andromeda,Andromeda,Weyes Blood,0L6lVIgGqVHnmR3BIy8GHa,1/17/2019,36,280186,0.463,0.367,0.462,0.0012,0.356,0.189,-7.94,0.0272,131.273,1,4,Sad,
Angel's Song,Angel's Song,Arlo Parks,5hXTMmVXz1Ablgu34BkTz1,11/20/2019,58,197243,0.693,0.894,0.195,0.0325,0.126,0.315,-15.278,0.0446,116.725,11,4,Sad,
Angry Chair,The Essential Alice In Chains,Alice In Chains,6H0wgcQCOuLYqDuNhMW8KL,7/24/2006,22,288400,0.313,0.0642,0.973,1.22E-06,0.0581,0.118,-3.855,0.109,107.3,8,4,Energetic,
Anthem,Anthem,EDX,1SSAvErVyid5OXzmtGZKkg,3/30/2018,44,158483,0.664,0.00152,0.86,0.894,0.197,0.249,-4.505,0.0345,121.991,7,4,Happy,https://open.spotify.com/track/6XvuIlipd1FZCHd4EQrJIW?si=fe07ad6c22484c52
Anthem of Our Dying Day,Page Avenue (US Non-PA Version),Story Of The Year,4sPJgy0CksvmXp9jC0W4gv,9/16/2003,56,216026,0.388,0.0211,0.8,0,0.212,0.357,-6.33,0.0783,194.744,9,3,Energetic,
Are You Gonna Be My Girl,Get Born,Jet,305WCRhhS10XUcH6AEwZk6,9/15/2003,75,213800,0.613,0.00148,0.953,0.000582,0.152,0.537,-3.435,0.0855,105.046,2,4,Happy,https://open.spotify.com/track/305WCRhhS10XUcH6AEwZk6?si=f90648270aed4cf5
As I Sleep (feat. Charlee),As I Sleep (feat. Charlee),Tobtok,72qlZsoVPpyFxVjL6GUuYI,4/13/2018,55,193471,0.694,0.0195,0.824,0.0426,0.327,0.202,-6.306,0.161,123.014,8,4,Energetic,https://open.spotify.com/track/5cowr9qJDPhb4jOwnSpkSH?si=9702928cf8104467
Ashes to Ashes,Ashes to Ashes,Warpaint,2lJa0SY7vZpvJ7QDFanOuZ,10/5/2010,51,310226,0.696,0.186,0.871,0.0282,0.173,0.8,-6.482,0.0357,118.938,1,4,Sad,
Atlavík,Varða,Hugar,6WdO6Ds95sLALCqCOfbDQh,8/23/2019,53,155733,0.535,0.867,0.147,0.797,0.0825,0.238,-25.141,0.0382,126.823,2,4,Calm,
Auburn Sky,Auburn Sky,Toledo Rains,42BtxDRqFTbE6Jb6rd9QOZ,3/10/2020,48,162829,0.265,0.906,0.035,0.89,0.0932,0.0651,-26.502,0.0359,132.972,4,4,Calm,
Awaken,Awaken,William Duhamel,00ZtJgQax06A96l8sMcmlB,1/2/2020,55,129936,0.346,0.929,0.0943,0.918,0.102,0.109,-13.632,0.0362,127.006,2,3,Calm,
Away From Me,Life On Display,Puddle Of Mudd,4wzaTdhmBgpch7IXu3CskA,1/1/2003,0,238466,0.396,0.00061,0.93,0,0.168,0.195,-2.939,0.1,154.777,8,4,Energetic,
Back Where I Belong (feat. Avicii),Back Where I Belong (feat. Avicii),Otto Knows,78W8wiUIlQ2SnWY9TVowKZ,6/3/2016,56,174202,0.497,0.0306,0.865,0.0679,0.443,0.595,-3.19,0.0644,125.96,0,4,Energetic,
Back+,Back+,Ton Snijders,6MrVWgw16iHBGRntjRkGQq,4/10/2020,26,198746,0.383,0.993,0.0197,0.944,0.121,0.113,-28.192,0.0528,67.555,7,3,Calm,
Bad Feeling,Bad Feeling,Muzz,1qUaWLUot3Iik95S09cdSZ,3/12/2020,39,157930,0.512,0.351,0.352,0.74,0.106,0.275,-9.093,0.0354,82.943,5,4,Sad,
Bad Kingdom,Gold,May,7vCuaxRIKElwgjSAo5REkw,1/19/2018,57,193220,0.401,0.934,0.199,0.0064,0.112,0.0744,-14.409,0.0355,118.351,9,4,Sad,
Bad Timing,Bad Timing,Arlo Day,2KSCegx6TosQQEgmhJKNQa,4/15/2019,30,254886,0.471,0.689,0.289,0.000535,0.0865,0.225,-9.784,0.0258,146.352,6,4,Sad,
Ballad of the Dying Man,Ballad of the Dying Man,Father John Misty,65w8nArxPq2EzOAhteymf0,2/1/2017,0,290736,0.399,0.848,0.443,0.000406,0.0899,0.265,-9.168,0.0272,139.643,5,4,Sad,
Balloon,Balloon,YuMe,6a9DN96EWRc56Lwl5YD7KL,5/1/2020,34,143212,0.408,0.987,0.00518,0.929,0.12,0.0381,-29.142,0.0355,72.291,5,3,Calm,
Bat Country,City of Evil,Avenged Sevenfold,6irNz2hSXvd2QJG0vXyBFR,6/6/2005,39,311813,0.541,0.000248,0.968,8.28E-06,0.423,0.505,-4.129,0.0396,125.04,0,4,Energetic,
Bayybe 07,Bayybe,Bilo 503,08qO8i2K0Hxl0h8PIncyuH,11/17/2017,50,114195,0.44,0.827,0.384,0.934,0.156,0.0912,-12.331,0.0453,127.938,7,4,Calm,
Be My Mistake,A Brief Inquiry Into Online Relationships,The 1975,0AG2l0IboWNSwjUkMr2Aq7,11/30/2018,39,256688,0.572,0.835,0.155,0.000137,0.0906,0.0949,-14.405,0.0344,109.923,6,3,Sad,
Beautiful Life,Beautiful Life,Lost Frequencies,2s25Z079T5KRzfqEQRMQQ4,6/3/2016,31,161463,0.732,0.127,0.52,0.0347,0.139,0.339,-6.684,0.0376,119.979,2,4,Happy,https://open.spotify.com/track/2UubKCB96OfgXwolCboiUW?si=acf7cc914e244fc6
Beautiful Night,Burden Brothers EP,Burden Brothers,4zhRVs7eqgdroy5E3kKEs2,8/13/2002,38,259529,0.531,0.000508,0.892,0.024,0.144,0.599,-4.54,0.0582,130.133,7,4,Energetic,
Beekweide,Beekweide,Job Roggeveen,199PI6mx1IFrDk8ZMtNTyX,7/10/2020,34,219215,0.321,0.984,0.11,0.963,0.115,0.173,-23.63,0.0345,73.914,8,4,Calm,
Before You Go,Divinely Uninspired To A Hellish Extent (Extended Edition),Lewis Capaldi,2gMXnyrvIjhVBUZwvLZDMP,11/22/2019,85,215106,0.459,0.604,0.575,0,0.0885,0.183,-4.858,0.0573,111.881,3,4,Sad,
Bennie And The Jets - Remastered 2014,Goodbye Yellow Brick Road (40th Anniversary Celebration/ Super Deluxe Edition),Elton John,3iJxloILmOu2NIRZ0OGyui,10/5/1973,0,322548,0.666,0.251,0.668,5.77E-06,0.499,0.765,-7.961,0.0523,132.666,0,4,Happy,https://open.spotify.com/track/0Ioqg1Az2HELzU8lLXPLq0?si=72354881133146b3
Blackout,Blackout,(Hed) P.E.,6yTnvHRhUuuaoxy4dHzLGo,2003,37,233266,0.548,0.00016,0.864,0.00262,0.0354,0.5,-6.258,0.0557,95.569,1,4,Energetic,
Blame,Blame,Manse,3TSZpRzSEKL1dFfpd1JDoF,6/26/2019,53,180937,0.612,0.619,0.68,0,0.0786,0.346,-4.925,0.0346,127.909,0,4,Energetic,
Blaster,Blaster,Marc Benjamin,1fMZR4DD2mE0iXginD9fOc,11/23/2018,0,159523,0.667,0.0326,0.857,0.464,0.27,0.301,-4.729,0.0468,125.946,2,4,Energetic,
Bleed American,Bleed American,Jimmy Eat World,61XspFITuKmAlYdQacNCbF,7/17/2001,63,181493,0.438,0.00842,0.938,1.08E-06,0.806,0.584,-5.611,0.094,160.212,6,4,Energetic,
Blow,Blow,Yves V,4nX11Rjdh7AuM8Ezb73m1R,5/15/2017,0,165000,0.603,0.0186,0.902,0.683,0.105,0.135,-5.979,0.0494,127.973,5,4,Happy,https://open.spotify.com/track/1p6JlbB1gXZn5gu8wYDQ3C?si=2deed1e157c342f0
Body Rock,Body Rock,Bingo Players,3wcaYUOKVSEbmmGB43YGqf,11/16/2018,46,158212,0.627,0.00919,0.944,0.00311,0.444,0.551,-4.459,0.344,126.078,5,4,Happy,https://open.spotify.com/track/20JNvEb82X539USEd1dMoW?si=2b4dfb9947ed4da2
Boiler,Chocolate Starfish And The Hot Dog Flavored Water (Explicit Version),Limp Bizkit,5UaOg4eymp98fxKyx6SHmB,1/1/2000,0,420266,0.443,0.00393,0.722,0.0155,0.0373,0.167,-6.326,0.0865,111.324,6,4,Energetic,
,,,,,,,,,,,,,,,,,,,
,,,,,,,,,,,,,,,,,,,
,,,,,,,,,,,,,,,,,,,
,,,,,,,,,,,,,,,,,,,
,,,,,,,,,,,,,,,,,,,
,,,,,,,,,,,,,,,,,,,
,,,,,,,,,,,,,,,,,,,
,,,,,,,,,,,,,,,,,,,
,,,,,,,,,,,,,,,,,,,
,,,,,,,,,,,,,,,,,,,
,,,,,,,,,,,,,,,,,,,
,,,,,,,,,,,,,,,,,,,
,,,,,,,,,,,,,,,,,,,
,,,,,,,,,,,,,,,,,,,
,,,,,,,,,,,,,,,,,,,
,,,,,,,,,,,,,,,,,,,
,,,,,,,,,,,,,,,,,,,
,,,,,,,,,,,,,,,,,,,
,,,,,,,,,,,,,,,,,,,
,,,,,,,,,,,,,,,,,,,
,,,,,,,,,,,,,,,,,,,
,,,,,,,,,,,,,,,,,,,
,,,,,,,,,,,,,,,,,,,
,,,,,,,,,,,,,,,,,,,
,,,,,,,,,,,,,,,,,,,
,,,,,,,,,,,,,,,,,,,
,,,,,,,,,,,,,,,,,,,
,,,,,,,,,,,,,,,,,,,
,,,,,,,,,,,,,,,,,,,
,,,,,,,,,,,,,,,,,,,
,,,,,,,,,,,,,,,,,,,
,,,,,,,,,,,,,,,,,,,
,,,,,,,,,,,,,,,,,,,
,,,,,,,,,,,,,,,,,,,
,,,,,,,,,,,,,,,,,,,
,,,,,,,,,,,,,,,,,,,
,,,,,,,,,,,,,,,,,,,
,,,,,,,,,,,,,,,,,,,
,,,,,,,,,,,,,,,,,,,
,,,,,,,,,,,,,,,,,,,
,,,,,,,,,,,,,,,,,,,
,,,,,,,,,,,,,,,,,,,
,,,,,,,,,,,,,,,,,,,
,,,,,,,,,,,,,,,,,,,
,,,,,,,,,,,,,,,,,,,
,,,,,,,,,,,,,,,,,,,
,,,,,,,,,,,,,,,,,,,
,,,,,,,,,,,,,,,,,,,
,,,,,,,,,,,,,,,,,,,
,,,,,,,,,,,,,,,,,,,
,,,,,,,,,,,,,,,,,,,
,,,,,,,,,,,,,,,,,,,
,,,,,,,,,,,,,,,,,,,
,,,,,,,,,,,,,,,,,,,
,,,,,,,,,,,,,,,,,,,
,,,,,,,,,,,,,,,,,,,
,,,,,,,,,,,,,,,,,,,
,,,,,,,,,,,,,,,,,,,
,,,,,,,,,,,,,,,,,,,
,,,,,,,,,,,,,,,,,,,
,,,,,,,,,,,,,,,,,,,
,,,,,,,,,,,,,,,,,,,
,,,,,,,,,,,,,,,,,,,
,,,,,,,,,,,,,,,,,,,
,,,,,,,,,,,,,,,,,,,
,,,,,,,,,,,,,,,,,,,
,,,,,,,,,,,,,,,,,,,
,,,,,,,,,,,,,,,,,,,
,,,,,,,,,,,,,,,,,,,
,,,,,,,,,,,,,,,,,,,
,,,,,,,,,,,,,,,,,,,
,,,,,,,,,,,,,,,,,,,
,,,,,,,,,,,,,,,,,,,
,,,,,,,,,,,,,,,,,,,
,,,,,,,,,,,,,,,,,,,
,,,,,,,,,,,,,,,,,,,
,,,,,,,,,,,,,,,,,,,
,,,,,,,,,,,,,,,,,,,
,,,,,,,,,,,,,,,,,,,
,,,,,,,,,,,,,,,,,,,
,,,,,,,,,,,,,,,,,,,
,,,,,,,,,,,,,,,,,,,
,,,,,,,,,,,,,,,,,,,
,,,,,,,,,,,,,,,,,,,
,,,,,,,,,,,,,,,,,,,
,,,,,,,,,,,,,,,,,,,
,,,,,,,,,,,,,,,,,,,
,,,,,,,,,,,,,,,,,,,
,,,,,,,,,,,,,,,,,,,
,,,,,,,,,,,,,,,,,,,
,,,,,,,,,,,,,,,,,,,
,,,,,,,,,,,,,,,,,,,
,,,,,,,,,,,,,,,,,,,
,,,,,,,,,,,,,,,,,,,
,,,,,,,,,,,,,,,,,,,
,,,,,,,,,,,,,,,,,,,
,,,,,,,,,,,,,,,,,,,
,,,,,,,,,,,,,,,,,,,
,,,,,,,,,,,,,,,,,,,
,,,,,,,,,,,,,,,,,,,
,,,,,,,,,,,,,,,,,,,
,,,,,,,,,,,,,,,,,,,
,,,,,,,,,,,,,,,,,,,
,,,,,,,,,,,,,,,,,,,
,,,,,,,,,,,,,,,,,,,
,,,,,,,,,,,,,,,,,,,
,,,,,,,,,,,,,,,,,,,
,,,,,,,,,,,,,,,,,,,
,,,,,,,,,,,,,,,,,,,
,,,,,,,,,,,,,,,,,,,
,,,,,,,,,,,,,,,,,,,
,,,,,,,,,,,,,,,,,,,
,,,,,,,,,,,,,,,,,,,
,,,,,,,,,,,,,,,,,,,
,,,,,,,,,,,,,,,,,,,
,,,,,,,,,,,,,,,,,,,
,,,,,,,,,,,,,,,,,,,
,,,,,,,,,,,,,,,,,,,
,,,,,,,,,,,,,,,,,,,
,,,,,,,,,,,,,,,,,,,
,,,,,,,,,,,,,,,,,,,
,,,,,,,,,,,,,,,,,,,
,,,,,,,,,,,,,,,,,,,
,,,,,,,,,,,,,,,,,,,
,,,,,,,,,,,,,,,,,,,
,,,,,,,,,,,,,,,,,,,
,,,,,,,,,,,,,,,,,,,
,,,,,,,,,,,,,,,,,,,
,,,,,,,,,,,,,,,,,,,
,,,,,,,,,,,,,,,,,,,
,,,,,,,,,,,,,,,,,,,
,,,,,,,,,,,,,,,,,,,
,,,,,,,,,,,,,,,,,,,
,,,,,,,,,,,,,,,,,,,
,,,,,,,,,,,,,,,,,,,
,,,,,,,,,,,,,,,,,,,
,,,,,,,,,,,,,,,,,,,
,,,,,,,,,,,,,,,,,,,
,,,,,,,,,,,,,,,,,,,
,,,,,,,,,,,,,,,,,,,
,,,,,,,,,,,,,,,,,,,
,,,,,,,,,,,,,,,,,,,
,,,,,,,,,,,,,,,,,,,
,,,,,,,,,,,,,,,,,,,
,,,,,,,,,,,,,,,,,,,
,,,,,,,,,,,,,,,,,,,
,,,,,,,,,,,,,,,,,,,
,,,,,,,,,,,,,,,,,,,
,,,,,,,,,,,,,,,,,,,
,,,,,,,,,,,,,,,,,,,
,,,,,,,,,,,,,,,,,,,
,,,,,,,,,,,,,,,,,,,
,,,,,,,,,,,,,,,,,,,
,,,,,,,,,,,,,,,,,,,
,,,,,,,,,,,,,,,,,,,
,,,,,,,,,,,,,,,,,,,
,,,,,,,,,,,,,,,,,,,
,,,,,,,,,,,,,,,,,,,
,,,,,,,,,,,,,,,,,,,
,,,,,,,,,,,,,,,,,,,
,,,,,,,,,,,,,,,,,,,
,,,,,,,,,,,,,,,,,,,
,,,,,,,,,,,,,,,,,,,
,,,,,,,,,,,,,,,,,,,
,,,,,,,,,,,,,,,,,,,
,,,,,,,,,,,,,,,,,,,
,,,,,,,,,,,,,,,,,,,
,,,,,,,,,,,,,,,,,,,
,,,,,,,,,,,,,,,,,,,
,,,,,,,,,,,,,,,,,,,
,,,,,,,,,,,,,,,,,,,
,,,,,,,,,,,,,,,,,,,
,,,,,,,,,,,,,,,,,,,
,,,,,,,,,,,,,,,,,,,
,,,,,,,,,,,,,,,,,,,
,,,,,,,,,,,,,,,,,,,
,,,,,,,,,,,,,,,,,,,
,,,,,,,,,,,,,,,,,,,
,,,,,,,,,,,,,,,,,,,
,,,,,,,,,,,,,,,,,,,
,,,,,,,,,,,,,,,,,,,
,,,,,,,,,,,,,,,,,,,
,,,,,,,,,,,,,,,,,,,
,,,,,,,,,,,,,,,,,,,
,,,,,,,,,,,,,,,,,,,
,,,,,,,,,,,,,,,,,,,
,,,,,,,,,,,,,,,,,,,
,,,,,,,,,,,,,,,,,,,
,,,,,,,,,,,,,,,,,,,
,,,,,,,,,,,,,,,,,,,
,,,,,,,,,,,,,,,,,,,
,,,,,,,,,,,,,,,,,,,
,,,,,,,,,,,,,,,,,,,
,,,,,,,,,,,,,,,,,,,
,,,,,,,,,,,,,,,,,,,
,,,,,,,,,,,,,,,,,,,
,,,,,,,,,,,,,,,,,,,
,,,,,,,,,,,,,,,,,,,
,,,,,,,,,,,,,,,,,,,
,,,,,,,,,,,,,,,,,,,
,,,,,,,,,,,,,,,,,,,
,,,,,,,,,,,,,,,,,,,
,,,,,,,,,,,,,,,,,,,
,,,,,,,,,,,,,,,,,,,
,,,,,,,,,,,,,,,,,,,
,,,,,,,,,,,,,,,,,,,
,,,,,,,,,,,,,,,,,,,
,,,,,,,,,,,,,,,,,,,
,,,,,,,,,,,,,,,,,,,
,,,,,,,,,,,,,,,,,,,
,,,,,,,,,,,,,,,,,,,
,,,,,,,,,,,,,,,,,,,
,,,,,,,,,,,,,,,,,,,
,,,,,,,,,,,,,,,,,,,
,,,,,,,,,,,,,,,,,,,
,,,,,,,,,,,,,,,,,,,
,,,,,,,,,,,,,,,,,,,
,,,,,,,,,,,,,,,,,,,
,,,,,,,,,,,,,,,,,,,
,,,,,,,,,,,,,,,,,,,
,,,,,,,,,,,,,,,,,,,
,,,,,,,,,,,,,,,,,,,
,,,,,,,,,,,,,,,,,,,
,,,,,,,,,,,,,,,,,,,
,,,,,,,,,,,,,,,,,,,
,,,,,,,,,,,,,,,,,,,
,,,,,,,,,,,,,,,,,,,
,,,,,,,,,,,,,,,,,,,
,,,,,,,,,,,,,,,,,,,
,,,,,,,,,,,,,,,,,,,
,,,,,,,,,,,,,,,,,,,
,,,,,,,,,,,,,,,,,,,
,,,,,,,,,,,,,,,,,,,
,,,,,,,,,,,,,,,,,,,
,,,,,,,,,,,,,,,,,,,
,,,,,,,,,,,,,,,,,,,
,,,,,,,,,,,,,,,,,,,
,,,,,,,,,,,,,,,,,,,
,,,,,,,,,,,,,,,,,,,
,,,,,,,,,,,,,,,,,,,
,,,,,,,,,,,,,,,,,,,
,,,,,,,,,,,,,,,,,,,
,,,,,,,,,,,,,,,,,,,
,,,,,,,,,,,,,,,,,,,
,,,,,,,,,,,,,,,,,,,
,,,,,,,,,,,,,,,,,,,
,,,,,,,,,,,,,,,,,,,
,,,,,,,,,,,,,,,,,,,
,,,,,,,,,,,,,,,,,,,
,,,,,,,,,,,,,,,,,,,
,,,,,,,,,,,,,,,,,,,
,,,,,,,,,,,,,,,,,,,
,,,,,,,,,,,,,,,,,,,
,,,,,,,,,,,,,,,,,,,
,,,,,,,,,,,,,,,,,,,
,,,,,,,,,,,,,,,,,,,
,,,,,,,,,,,,,,,,,,,
,,,,,,,,,,,,,,,,,,,
,,,,,,,,,,,,,,,,,,,
,,,,,,,,,,,,,,,,,,,
,,,,,,,,,,,,,,,,,,,
,,,,,,,,,,,,,,,,,,,
,,,,,,,,,,,,,,,,,,,
,,,,,,,,,,,,,,,,,,,
,,,,,,,,,,,,,,,,,,,
,,,,,,,,,,,,,,,,,,,
,,,,,,,,,,,,,,,,,,,
,,,,,,,,,,,,,,,,,,,
,,,,,,,,,,,,,,,,,,,
,,,,,,,,,,,,,,,,,,,
,,,,,,,,,,,,,,,,,,,
,,,,,,,,,,,,,,,,,,,
,,,,,,,,,,,,,,,,,,,
,,,,,,,,,,,,,,,,,,,
,,,,,,,,,,,,,,,,,,,
,,,,,,,,,,,,,,,,,,,
,,,,,,,,,,,,,,,,,,,
,,,,,,,,,,,,,,,,,,,
,,,,,,,,,,,,,,,,,,,
,,,,,,,,,,,,,,,,,,,
,,,,,,,,,,,,,,,,,,,
,,,,,,,,,,,,,,,,,,,
,,,,,,,,,,,,,,,,,,,
,,,,,,,,,,,,,,,,,,,
,,,,,,,,,,,,,,,,,,,
,,,,,,,,,,,,,,,,,,,
,,,,,,,,,,,,,,,,,,,
,,,,,,,,,,,,,,,,,,,
,,,,,,,,,,,,,,,,,,,
,,,,,,,,,,,,,,,,,,,
,,,,,,,,,,,,,,,,,,,
,,,,,,,,,,,,,,,,,,,
,,,,,,,,,,,,,,,,,,,
,,,,,,,,,,,,,,,,,,,
,,,,,,,,,,,,,,,,,,,
,,,,,,,,,,,,,,,,,,,
,,,,,,,,,,,,,,,,,,,
,,,,,,,,,,,,,,,,,,,
,,,,,,,,,,,,,,,,,,,
,,,,,,,,,,,,,,,,,,,
,,,,,,,,,,,,,,,,,,,
,,,,,,,,,,,,,,,,,,,
,,,,,,,,,,,,,,,,,,,
,,,,,,,,,,,,,,,,,,,
,,,,,,,,,,,,,,,,,,,
,,,,,,,,,,,,,,,,,,,
,,,,,,,,,,,,,,,,,,,
,,,,,,,,,,,,,,,,,,,
,,,,,,,,,,,,,,,,,,,
,,,,,,,,,,,,,,,,,,,
,,,,,,,,,,,,,,,,,,,
,,,,,,,,,,,,,,,,,,,
,,,,,,,,,,,,,,,,,,,
,,,,,,,,,,,,,,,,,,,
,,,,,,,,,,,,,,,,,,,
,,,,,,,,,,,,,,,,,,,
,,,,,,,,,,,,,,,,,,,
,,,,,,,,,,,,,,,,,,,
,,,,,,,,,,,,,,,,,,,
,,,,,,,,,,,,,,,,,,,
,,,,,,,,,,,,,,,,,,,
,,,,,,,,,,,,,,,,,,,
,,,,,,,,,,,,,,,,,,,
,,,,,,,,,,,,,,,,,,,
,,,,,,,,,,,,,,,,,,,
,,,,,,,,,,,,,,,,,,,
,,,,,,,,,,,,,,,,,,,
,,,,,,,,,,,,,,,,,,,
,,,,,,,,,,,,,,,,,,,
,,,,,,,,,,,,,,,,,,,
,,,,,,,,,,,,,,,,,,,
,,,,,,,,,,,,,,,,,,,
,,,,,,,,,,,,,,,,,,,
,,,,,,,,,,,,,,,,,,,
,,,,,,,,,,,,,,,,,,,
,,,,,,,,,,,,,,,,,,,
,,,,,,,,,,,,,,,,,,,
,,,,,,,,,,,,,,,,,,,
,,,,,,,,,,,,,,,,,,,
,,,,,,,,,,,,,,,,,,,
,,,,,,,,,,,,,,,,,,,
,,,,,,,,,,,,,,,,,,,
,,,,,,,,,,,,,,,,,,,
,,,,,,,,,,,,,,,,,,,
,,,,,,,,,,,,,,,,,,,
,,,,,,,,,,,,,,,,,,,
,,,,,,,,,,,,,,,,,,,
,,,,,,,,,,,,,,,,,,,
,,,,,,,,,,,,,,,,,,,
,,,,,,,,,,,,,,,,,,,
,,,,,,,,,,,,,,,,,,,
,,,,,,,,,,,,,,,,,,,
,,,,,,,,,,,,,,,,,,,
,,,,,,,,,,,,,,,,,,,
,,,,,,,,,,,,,,,,,,,
,,,,,,,,,,,,,,,,,,,
,,,,,,,,,,,,,,,,,,,
,,,,,,,,,,,,,,,,,,,
,,,,,,,,,,,,,,,,,,,
,,,,,,,,,,,,,,,,,,,
,,,,,,,,,,,,,,,,,,,
,,,,,,,,,,,,,,,,,,,
,,,,,,,,,,,,,,,,,,,
,,,,,,,,,,,,,,,,,,,
,,,,,,,,,,,,,,,,,,,
,,,,,,,,,,,,,,,,,,,
,,,,,,,,,,,,,,,,,,,
,,,,,,,,,,,,,,,,,,,
,,,,,,,,,,,,,,,,,,,
,,,,,,,,,,,,,,,,,,,
,,,,,,,,,,,,,,,,,,,
,,,,,,,,,,,,,,,,,,,
,,,,,,,,,,,,,,,,,,,
,,,,,,,,,,,,,,,,,,,
,,,,,,,,,,,,,,,,,,,
,,,,,,,,,,,,,,,,,,,
,,,,,,,,,,,,,,,,,,,
,,,,,,,,,,,,,,,,,,,
,,,,,,,,,,,,,,,,,,,
,,,,,,,,,,,,,,,,,,,
,,,,,,,,,,,,,,,,,,,
,,,,,,,,,,,,,,,,,,,
,,,,,,,,,,,,,,,,,,,
,,,,,,,,,,,,,,,,,,,
,,,,,,,,,,,,,,,,,,,
,,,,,,,,,,,,,,,,,,,
,,,,,,,,,,,,,,,,,,,
,,,,,,,,,,,,,,,,,,,
,,,,,,,,,,,,,,,,,,,
,,,,,,,,,,,,,,,,,,,
,,,,,,,,,,,,,,,,,,,
,,,,,,,,,,,,,,,,,,,
,,,,,,,,,,,,,,,,,,,
,,,,,,,,,,,,,,,,,,,
,,,,,,,,,,,,,,,,,,,
,,,,,,,,,,,,,,,,,,,
,,,,,,,,,,,,,,,,,,,
,,,,,,,,,,,,,,,,,,,
,,,,,,,,,,,,,,,,,,,
,,,,,,,,,,,,,,,,,,,
,,,,,,,,,,,,,,,,,,,
,,,,,,,,,,,,,,,,,,,
,,,,,,,,,,,,,,,,,,,
,,,,,,,,,,,,,,,,,,,
,,,,,,,,,,,,,,,,,,,
,,,,,,,,,,,,,,,,,,,
,,,,,,,,,,,,,,,,,,,
,,,,,,,,,,,,,,,,,,,
,,,,,,,,,,,,,,,,,,,
,,,,,,,,,,,,,,,,,,,
,,,,,,,,,,,,,,,,,,,
,,,,,,,,,,,,,,,,,,,
,,,,,,,,,,,,,,,,,,,
,,,,,,,,,,,,,,,,,,,
,,,,,,,,,,,,,,,,,,,
,,,,,,,,,,,,,,,,,,,
,,,,,,,,,,,,,,,,,,,
,,,,,,,,,,,,,,,,,,,
,,,,,,,,,,,,,,,,,,,
,,,,,,,,,,,,,,,,,,,
,,,,,,,,,,,,,,,,,,,
,,,,,,,,,,,,,,,,,,,
,,,,,,,,,,,,,,,,,,,
,,,,,,,,,,,,,,,,,,,
,,,,,,,,,,,,,,,,,,,
,,,,,,,,,,,,,,,,,,,
,,,,,,,,,,,,,,,,,,,
,,,,,,,,,,,,,,,,,,,
,,,,,,,,,,,,,,,,,,,
,,,,,,,,,,,,,,,,,,,
,,,,,,,,,,,,,,,,,,,
,,,,,,,,,,,,,,,,,,,
,,,,,,,,,,,,,,,,,,,
,,,,,,,,,,,,,,,,,,,
,,,,,,,,,,,,,,,,,,,
,,,,,,,,,,,,,,,,,,,
,,,,,,,,,,,,,,,,,,,
,,,,,,,,,,,,,,,,,,,
,,,,,,,,,,,,,,,,,,,
,,,,,,,,,,,,,,,,,,,
,,,,,,,,,,,,,,,,,,,
,,,,,,,,,,,,,,,,,,,
,,,,,,,,,,,,,,,,,,,
,,,,,,,,,,,,,,,,,,,
,,,,,,,,,,,,,,,,,,,
,,,,,,,,,,,,,,,,,,,
,,,,,,,,,,,,,,,,,,,
,,,,,,,,,,,,,,,,,,,
,,,,,,,,,,,,,,,,,,,
,,,,,,,,,,,,,,,,,,,
,,,,,,,,,,,,,,,,,,,
,,,,,,,,,,,,,,,,,,,
,,,,,,,,,,,,,,,,,,,
,,,,,,,,,,,,,,,,,,,
,,,,,,,,,,,,,,,,,,,
,,,,,,,,,,,,,,,,,,,
,,,,,,,,,,,,,,,,,,,
,,,,,,,,,,,,,,,,,,,
,,,,,,,,,,,,,,,,,,,
,,,,,,,,,,,,,,,,,,,
,,,,,,,,,,,,,,,,,,,
,,,,,,,,,,,,,,,,,,,
,,,,,,,,,,,,,,,,,,,
,,,,,,,,,,,,,,,,,,,
,,,,,,,,,,,,,,,,,,,
,,,,,,,,,,,,,,,,,,,
,,,,,,,,,,,,,,,,,,,
,,,,,,,,,,,,,,,,,,,
,,,,,,,,,,,,,,,,,,,
,,,,,,,,,,,,,,,,,,,
,,,,,,,,,,,,,,,,,,,
,,,,,,,,,,,,,,,,,,,
,,,,,,,,,,,,,,,,,,,
,,,,,,,,,,,,,,,,,,,
,,,,,,,,,,,,,,,,,,,
,,,,,,,,,,,,,,,,,,,
,,,,,,,,,,,,,,,,,,,
,,,,,,,,,,,,,,,,,,,
,,,,,,,,,,,,,,,,,,,
,,,,,,,,,,,,,,,,,,,
,,,,,,,,,,,,,,,,,,,
,,,,,,,,,,,,,,,,,,,
,,,,,,,,,,,,,,,,,,,
,,,,,,,,,,,,,,,,,,,
,,,,,,,,,,,,,,,,,,,
,,,,,,,,,,,,,,,,,,,
,,,,,,,,,,,,,,,,,,,
,,,,,,,,,,,,,,,,,,,
,,,,,,,,,,,,,,,,,,,
,,,,,,,,,,,,,,,,,,,
,,,,,,,,,,,,,,,,,,,
,,,,,,,,,,,,,,,,,,,
,,,,,,,,,,,,,,,,,,,
,,,,,,,,,,,,,,,,,,,
,,,,,,,,,,,,,,,,,,,
,,,,,,,,,,,,,,,,,,,
,,,,,,,,,,,,,,,,,,,
,,,,,,,,,,,,,,,,,,,
,,,,,,,,,,,,,,,,,,,
,,,,,,,,,,,,,,,,,,,
,,,,,,,,,,,,,,,,,,,
,,,,,,,,,,,,,,,,,,,
,,,,,,,,,,,,,,,,,,,
,,,,,,,,,,,,,,,,,,,
,,,,,,,,,,,,,,,,,,,
,,,,,,,,,,,,,,,,,,,
,,,,,,,,,,,,,,,,,,,
,,,,,,,,,,,,,,,,,,,
,,,,,,,,,,,,,,,,,,,
,,,,,,,,,,,,,,,,,,,
,,,,,,,,,,,,,,,,,,,
,,,,,,,,,,,,,,,,,,,
,,,,,,,,,,,,,,,,,,,
,,,,,,,,,,,,,,,,,,,
,,,,,,,,,,,,,,,,,,,
,,,,,,,,,,,,,,,,,,,
,,,,,,,,,,,,,,,,,,,
,,,,,,,,,,,,,,,,,,,
,,,,,,,,,,,,,,,,,,,
,,,,,,,,,,,,,,,,,,,
,,,,,,,,,,,,,,,,,,,
,,,,,,,,,,,,,,,,,,,
,,,,,,,,,,,,,,,,,,,
,,,,,,,,,,,,,,,,,,,
,,,,,,,,,,,,,,,,,,,
,,,,,,,,,,,,,,,,,,,
,,,,,,,,,,,,,,,,,,,
,,,,,,,,,,,,,,,,,,,
,,,,,,,,,,,,,,,,,,,
,,,,,,,,,,,,,,,,,,,
,,,,,,,,,,,,,,,,,,,
,,,,,,,,,,,,,,,,,,,
,,,,,,,,,,,,,,,,,,,
,,,,,,,,,,,,,,,,,,,
,,,,,,,,,,,,,,,,,,,
,,,,,,,,,,,,,,,,,,,
,,,,,,,,,,,,,,,,,,,
,,,,,,,,,,,,,,,,,,,
,,,,,,,,,,,,,,,,,,,
,,,,,,,,,,,,,,,,,,,
,,,,,,,,,,,,,,,,,,,
,,,,,,,,,,,,,,,,,,,
,,,,,,,,,,,,,,,,,,,
,,,,,,,,,,,,,,,,,,,
,,,,,,,,,,,,,,,,,,,
,,,,,,,,,,,,,,,,,,,
,,,,,,,,,,,,,,,,,,,
,,,,,,,,,,,,,,,,,,,
,,,,,,,,,,,,,,,,,,,
,,,,,,,,,,,,,,,,,,,
,,,,,,,,,,,,,,,,,,,
,,,,,,,,,,,,,,,,,,,
,,,,,,,,,,,,,,,,,,,
,,,,,,,,,,,,,,,,,,,
,,,,,,,,,,,,,,,,,,,
,,,,,,,,,,,,,,,,,,,
,,,,,,,,,,,,,,,,,,,
,,,,,,,,,,,,,,,,,,,
,,,,,,,,,,,,,,,,,,,
,,,,,,,,,,,,,,,,,,,
,,,,,,,,,,,,,,,,,,,
,,,,,,,,,,,,,,,,,,,
,,,,,,,,,,,,,,,,,,,
,,,,,,,,,,,,,,,,,,,
,,,,,,,,,,,,,,,,,,,
,,,,,,,,,,,,,,,,,,,
,,,,,,,,,,,,,,,,,,,
,,,,,,,,,,,,,,,,,,,
,,,,,,,,,,,,,,,,,,,
,,,,,,,,,,,,,,,,,,,
,,,,,,,,,,,,,,,,,,,
,,,,,,,,,,,,,,,,,,,
,,,,,,,,,,,,,,,,,,,
,,,,,,,,,,,,,,,,,,,
,,,,,,,,,,,,,,,,,,,
,,,,,,,,,,,,,,,,,,,
,,,,,,,,,,,,,,,,,,,
,,,,,,,,,,,,,,,,,,,
,,,,,,,,,,,,,,,,,,,
,,,,,,,,,,,,,,,,,,,
,,,,,,,,,,,,,,,,,,,
,,,,,,,,,,,,,,,,,,,
,,,,,,,,,,,,,,,,,,,
,,,,,,,,,,,,,,,,,,,
,,,,,,,,,,,,,,,,,,,
,,,,,,,,,,,,,,,,,,,
,,,,,,,,,,,,,,,,,,,
,,,,,,,,,,,,,,,,,,,
,,,,,,,,,,,,,,,,,,,
,,,,,,,,,,,,,,,,,,,
,,,,,,,,,,,,,,,,,,,
,,,,,,,,,,,,,,,,,,,
,,,,,,,,,,,,,,,,,,,
,,,,,,,,,,,,,,,,,,,
,,,,,,,,,,,,,,,,,,,
,,,,,,,,,,,,,,,,,,,
,,,,,,,,,,,,,,,,,,,
,,,,,,,,,,,,,,,,,,,
,,,,,,,,,,,,,,,,,,,
,,,,,,,,,,,,,,,,,,,
,,,,,,,,,,,,,,,,,,,
,,,,,,,,,,,,,,,,,,,
,,,,,,,,,,,,,,,,,,,
,,,,,,,,,,,,,,,,,,,
,,,,,,,,,,,,,,,,,,,
,,,,,,,,,,,,,,,,,,,
,,,,,,,,,,,,,,,,,,,
,,,,,,,,,,,,,,,,,,,
,,,,,,,,,,,,,,,,,,,
,,,,,,,,,,,,,,,,,,,
,,,,,,,,,,,,,,,,,,,
,,,,,,,,,,,,,,,,,,,
,,,,,,,,,,,,,,,,,,,
,,,,,,,,,,,,,,,,,,,
,,,,,,,,,,,,,,,,,,,
,,,,,,,,,,,,,,,,,,,
,,,,,,,,,,,,,,,,,,,
,,,,,,,,,,,,,,,,,,,
,,,,,,,,,,,,,,,,,,,
,,,,,,,,,,,,,,,,,,,
,,,,,,,,,,,,,,,,,,,
,,,,,,,,,,,,,,,,,,,
